Titre,Categorie,Date,Contenu,lien
Inscription des candidats admis au CNC-2022 affectés à l’ENSA Khouribga,"Publié dans "" Actualités ""    ", 08-09-202208-09-2022,"
L’inscription des admis au CNC affectés à l’ENSA Khouribga, aura lieu le Vendredi 09 septembre 2022 et le Lundi 12 septembre 2022 de 09H00 à 15H30, aux locaux de l’ENSA Khouribga. Pièces à fournir : Attestation d’affectation, Attestation originale d’admission au concours national commun des grandes écoles Original du Baccalauréat + 01 copie 01 copie de la Carte […]
",https://ensak.usms.ac.ma/ensak/inscription-des-candidats-admis-au-cnc-2022-affectes-a-lensa-khouribga/
Avis aux étudiants : démarrage des cours au titre de l’année universitaire 2022/2023,"Publié dans "" Actualités ""    ", 08-09-202208-09-2022,"
L’inscription des admis au CNC affectés à l’ENSA Khouribga, aura lieu le Vendredi 09 septembre 2022 et le Lundi 12 septembre 2022 de 09H00 à 15H30, aux locaux de l’ENSA Khouribga. Pièces à fournir : Attestation d’affectation, Attestation originale d’admission au concours national commun des grandes écoles Original du Baccalauréat + 01 copie 01 copie de la Carte […]
",https://ensak.usms.ac.ma/ensak/avis-aux-etudiants-demarrage-des-cours-au-titre-de-lannee-universitaire-2022-2023/
Concours commun d’accès aux ENSA-MAROC 2022/2023: Liste d’attente 2,"Publié dans "" Actualités ""    ", 06-09-202208-09-2022,"
L’inscription des admis au CNC affectés à l’ENSA Khouribga, aura lieu le Vendredi 09 septembre 2022 et le Lundi 12 septembre 2022 de 09H00 à 15H30, aux locaux de l’ENSA Khouribga. Pièces à fournir : Attestation d’affectation, Attestation originale d’admission au concours national commun des grandes écoles Original du Baccalauréat + 01 copie 01 copie de la Carte […]
",https://ensak.usms.ac.ma/ensak/concours-commun-dacces-aux-ensa-maroc-2022-2023-liste-dattente-2/
Concours commun d’accès aux ENSA-MAROC 2022/2023: Liste d’attente 1,"Publié dans "" Actualités ""    ", 04-09-202204-09-2022,"
L’inscription des admis au CNC affectés à l’ENSA Khouribga, aura lieu le Vendredi 09 septembre 2022 et le Lundi 12 septembre 2022 de 09H00 à 15H30, aux locaux de l’ENSA Khouribga. Pièces à fournir : Attestation d’affectation, Attestation originale d’admission au concours national commun des grandes écoles Original du Baccalauréat + 01 copie 01 copie de la Carte […]
",https://ensak.usms.ac.ma/ensak/concours-commun-dacces-aux-ensa-maroc-2022-2023-liste-dattente-1/
"Inscription des candidats admis au concours commun d’accès aux ENSA Maroc 2022/2023, affectés à l’ENSA de Khouribga","Publié dans "" Actualités ""    ", 30-08-202207-09-2022,"
L’inscription des admis au CNC affectés à l’ENSA Khouribga, aura lieu le Vendredi 09 septembre 2022 et le Lundi 12 septembre 2022 de 09H00 à 15H30, aux locaux de l’ENSA Khouribga. Pièces à fournir : Attestation d’affectation, Attestation originale d’admission au concours national commun des grandes écoles Original du Baccalauréat + 01 copie 01 copie de la Carte […]
",https://ensak.usms.ac.ma/ensak/inscription-des-candidats-admis-au-concours-commun-dacces-aux-ensa-maroc-2022-2023-affectes-a-lensa-de-khouribga/
Appel à candidature au concours d’accès au cycle master en Big Data & Aide à la Décision (Année universitaire 2022/2023),"Publié dans "" Actualités, Uncategorized ""    ", 18-08-202218-08-2022,"
L’inscription des admis au CNC affectés à l’ENSA Khouribga, aura lieu le Vendredi 09 septembre 2022 et le Lundi 12 septembre 2022 de 09H00 à 15H30, aux locaux de l’ENSA Khouribga. Pièces à fournir : Attestation d’affectation, Attestation originale d’admission au concours national commun des grandes écoles Original du Baccalauréat + 01 copie 01 copie de la Carte […]
",https://ensak.usms.ac.ma/ensak/appel-a-candidature-au-concours-dacces-au-cycle-master-en-big-data-aide-a-la-decision-annee-universitaire-2022-2023/
100 Bourses d’Etudes en Tunisie pour Marocains,"Publié dans "" Actualités ""    ", 09-08-2022,"
L’inscription des admis au CNC affectés à l’ENSA Khouribga, aura lieu le Vendredi 09 septembre 2022 et le Lundi 12 septembre 2022 de 09H00 à 15H30, aux locaux de l’ENSA Khouribga. Pièces à fournir : Attestation d’affectation, Attestation originale d’admission au concours national commun des grandes écoles Original du Baccalauréat + 01 copie 01 copie de la Carte […]
",https://ensak.usms.ac.ma/ensak/100-bourses-detudes-en-tunisie-pour-marocains/
"Avis aux nouveaux admis au concours commun d’accès aux ENSA Maroc 2022-2023, affectés à l’ENSA de Khouribga","Publié dans "" Actualités ""    ", 05-08-202208-08-2022,"
L’inscription des admis au CNC affectés à l’ENSA Khouribga, aura lieu le Vendredi 09 septembre 2022 et le Lundi 12 septembre 2022 de 09H00 à 15H30, aux locaux de l’ENSA Khouribga. Pièces à fournir : Attestation d’affectation, Attestation originale d’admission au concours national commun des grandes écoles Original du Baccalauréat + 01 copie 01 copie de la Carte […]
",https://ensak.usms.ac.ma/ensak/liste-principale-des-admis-au-concours-commun-dacces-aux-ensa-maroc-2022-2023-affectes-a-lensa-de-khouribga/
Concours d’accès aux Années Préparatoires Intégrées des ENSAs Maroc 2022-2023: liste des candidats et affectation par salle (Centre de Khouribga),"Publié dans "" Actualités ""    ", 29-07-202230-07-2022,"
L’inscription des admis au CNC affectés à l’ENSA Khouribga, aura lieu le Vendredi 09 septembre 2022 et le Lundi 12 septembre 2022 de 09H00 à 15H30, aux locaux de l’ENSA Khouribga. Pièces à fournir : Attestation d’affectation, Attestation originale d’admission au concours national commun des grandes écoles Original du Baccalauréat + 01 copie 01 copie de la Carte […]
",https://ensak.usms.ac.ma/ensak/concours-dacces-aux-annees-preparatoires-integrees-des-ensas-maroc-liste-des-candidats-affectation-par-salle-centre-de-khouribga-et-consignes-a-respecter/
COP27 القمة العالمية للمناخ,"Publié dans "" Actualités, Avis aux étudiants ""    ", 28-07-2022,"
L’inscription des admis au CNC affectés à l’ENSA Khouribga, aura lieu le Vendredi 09 septembre 2022 et le Lundi 12 septembre 2022 de 09H00 à 15H30, aux locaux de l’ENSA Khouribga. Pièces à fournir : Attestation d’affectation, Attestation originale d’admission au concours national commun des grandes écoles Original du Baccalauréat + 01 copie 01 copie de la Carte […]
",https://ensak.usms.ac.ma/ensak/cop27-%d8%a7%d9%84%d9%82%d9%85%d8%a9-%d8%a7%d9%84%d8%b9%d8%a7%d9%84%d9%85%d9%8a%d8%a9-%d9%84%d9%84%d9%85%d9%86%d8%a7%d8%ae/
